<?xml version="1.0" encoding="UTF-8" standalone="yes"?>
<addon id="plugin.video.hakimtech1" name="HakimTech 1" version="0.0.1" provider-name="Hakim Technology">
	<requires>
		<import addon="xbmc.python" version="2.19.0" />
        <import addon="script.module.python.koding.aio" version="0.0.1"/>
	</requires>
	<extension point="xbmc.python.pluginsource" library="default.py">
		<provides>video</provides>
	</extension>
	<extension point="xbmc.addon.metadata">
		<summary lang="en">Addon Used For Kodi Addon Development</summary>
		<description lang="en">Fantastic Addon For Kodi Addon Development</description>
		<platform>all</platform>
		<forum>http://www.noobsandnerds.com/support</forum>
		<website>www.noobsandnerds.com</website>
		<news></news>
		<genre>devtools,documentary,howto,kids,livetv,movies,skin,tech,tvshows,spanish,uk,usa</genre>
		<video_guide></video_guide>
		<video_preview></video_preview>
	</extension>
</addon>
