<?xml version="1.0" encoding="UTF-8" standalone="yes"?>
<addon id="plugin.program.HakimTechProWizard" name="HakimTech Pro Wizard" version="4.1.0" provider-name="Hakim Technology">
  <requires>
    <import addon="xbmc.python" version="2.1.0"/>
  </requires>
  <extension point="xbmc.python.pluginsource" library="default.py">
    <provides>executable</provides>
  </extension>
  <extension point="xbmc.service" library="startup.py" start="startup" />
  <extension point="xbmc.addon.metadata">
    <summary lang="en">HakimTech Pro Wizard</summary>
    <description lang="en">HakimTech Pro Wizard allows you to get access to the latest Hakim Technology Custom Builds, Addons ,APKs and Repos.</description>
    <platform>all</platform>
  </extension>
</addon>